Pikachu.0001;2
pikachu.0002;2
pikachu.0003;2
pikachu.0004;2
pikachu.0005;2
pikachu.0006;2
pikachu.0007;2
pikachu.0008;2
pikachu.0009;2
pikachu.0010;2
pikachu.0011;2
pikachu.0012;2
pikachu.0013;2
pikachu.0014;2
pikachu.0015;2
pikachu.0016;2
pikachu.0017;2
pikachu.0018;2
pikachu.0019;2
pikachu.0020;2
pikachu.0021;2
pikachu.0022;2
pikachu.0023;2
pikachu.0024;2
pikachu.0025;2
pikachu.0026;2
pikachu.0027;2
pikachu.0028;2
pikachu.0029;2
pikachu.0030;2
pikachu.0031;2
pikachu.0032;2
pikachu.0033;2
pikachu.0034;2
pikachu.0035;2
pikachu.0036;2
pikachu.0037;2
pikachu.0038;2
pikachu.0039;2
pikachu.0040;2
pikachu.0041;2
pikachu.0042;2
pikachu.0043;2
pikachu.0044;2
pikachu.0045;2
pikachu.0046;2
pikachu.0047;2
pikachu.0048;2
pikachu.0049;2
pikachu.0050;2
pikachu.0051;2
pikachu.0052;2
pikachu.0053;2
pikachu.0054;2
pikachu.0055;2
pikachu.0056;2
pikachu.0057;2
pikachu.0058;2
pikachu.0059;2
pikachu.0060;2
pikachu.0061;2
pikachu.0062;2
pikachu.0063;2
pikachu.0064;2
pikachu.0065;2
pikachu.0066;2
pikachu.0067;2
pikachu.0068;2
pikachu.0069;2
pikachu.0070;2
pikachu.0071;2
pikachu.0072;2
pikachu.0073;2
pikachu.0074;2
pikachu.0075;2
pikachu.0076;2
pikachu.0077;2
pikachu.0078;2
pikachu.0079;2
pikachu.0080;2
pikachu.0081;2
pikachu.0082;2
pikachu.0083;2
pikachu.0084;2
pikachu.0085;2
pikachu.0086;2
pikachu.0087;2
pikachu.0088;2
pikachu.0089;2
pikachu.0090;2
pikachu.0091;2
pikachu.0092;2
pikachu.0093;2
pikachu.0094;2
pikachu.0095;2
pikachu.0096;2
pikachu.0097;2
pikachu.0098;2
pikachu.0099;2
pikachu.0100;2
pikachu.0101;2
pikachu.0102;2
pikachu.0103;2
pikachu.0104;2
pikachu.0105;2
pikachu.0106;2
pikachu.0107;2
pikachu.0108;2
pikachu.0109;2
pikachu.0110;2
pikachu.0111;2
pikachu.0112;2
pikachu.0113;2
pikachu.0114;2
pikachu.0115;2
pikachu.0116;2
pikachu.0117;2
pikachu.0118;2
pikachu.0119;2
pikachu.0120;2
pikachu.0121;2
pikachu.0122;2
pikachu.0123;2
pikachu.0124;2
pikachu.0125;2
pikachu.0126;2
pikachu.0127;2
pikachu.0128;2
pikachu.0129;2
pikachu.0130;2
pikachu.0131;2
pikachu.0132;2
pikachu.0133;2
pikachu.0134;2
pikachu.0135;2
pikachu.0136;2
pikachu.0137;2
pikachu.0138;2
pikachu.0139;2
pikachu.0140;2
pikachu.0141;2
pikachu.0142;2
pikachu.0143;2
pikachu.0144;2
pikachu.0145;2
pikachu.0146;2
pikachu.0147;2
pikachu.0148;2
pikachu.0149;2
pikachu.0150;2
pikachu.0151;2
pikachu.0152;2
pikachu.0153;2
pikachu.0154;2
pikachu.0155;2
pikachu.0156;2
pikachu.0157;2
pikachu.0158;2
pikachu.0159;2
pikachu.0160;2
pikachu.0161;2
pikachu.0162;2
pikachu.0163;2
pikachu.0164;2
pikachu.0165;2
pikachu.0166;2
pikachu.0167;2
pikachu.0168;2
pikachu.0169;2
pikachu.0170;2
pikachu.0171;2
pikachu.0172;2
pikachu.0173;2
pikachu.0174;2
pikachu.0175;2
pikachu.0176;2
pikachu.0177;2
pikachu.0178;2
pikachu.0179;2
pikachu.0180;2
pikachu.0181;2
pikachu.0182;2
pikachu.0183;2
pikachu.0184;2
pikachu.0185;2
pikachu.0186;2
pikachu.0187;2
pikachu.0188;2
pikachu.0189;2
pikachu.0190;2
pikachu.0191;2
pikachu.0192;2
pikachu.0193;2
pikachu.0194;2
pikachu.0195;2
pikachu.0196;2
pikachu.0197;2
pikachu.0198;2
pikachu.0199;2
pikachu.0200;2
pikachu.0201;2
pikachu.0202;2
pikachu.0203;2
pikachu.0204;2
pikachu.0205;2
pikachu.0206;2
pikachu.0207;2
pikachu.0208;2
pikachu.0209;2
pikachu.0210;2
pikachu.0211;2
pikachu.0212;2
pikachu.0213;2
pikachu.0214;2
pikachu.0215;2
pikachu.0216;2
pikachu.0217;2
pikachu.0218;2
pikachu.0219;2
pikachu.0220;2
pikachu.0221;2
pikachu.0222;2
pikachu.0223;2
pikachu.0224;2
pikachu.0225;2
pikachu.0226;2
pikachu.0227;2
pikachu.0228;2
pikachu.0229;2
pikachu.0230;2
pikachu.0231;2
pikachu.0232;2
pikachu.0233;2
pikachu.0234;2
pikachu.0235;2
pikachu.0236;2
pikachu.0237;2
pikachu.0238;2
pikachu.0239;2
pikachu.0240;2
pikachu.0241;2
pikachu.0242;2
pikachu.0243;2
pikachu.0244;2
pikachu.0245;2
pikachu.0246;2
pikachu.0247;2
pikachu.0248;2
pikachu.0249;2
pikachu.0250;2
pikachu.0251;2
pikachu.0252;2
pikachu.0253;2
pikachu.0254;2
pikachu.0255;2
pikachu.0256;2
pikachu.0257;2
pikachu.0258;2
pikachu.0259;2
pikachu.0260;2
pikachu.0261;2
pikachu.0262;2
pikachu.0263;2
pikachu.0264;2
pikachu.0265;2
pikachu.0266;2
pikachu.0267;2
pikachu.0268;2
pikachu.0269;2
pikachu.0270;2
pikachu.0271;2
pikachu.0272;2
pikachu.0273;2
pikachu.0274;2
pikachu.0275;2
pikachu.0276;2
pikachu.0277;2
pikachu.0278;2
pikachu.0279;2
pikachu.0280;2
pikachu.0281;2
pikachu.0282;2
pikachu.0283;2
pikachu.0284;2
pikachu.0285;2
pikachu.0286;2
pikachu.0287;2
pikachu.0288;2
pikachu.0289;2
pikachu.0290;2
pikachu.0291;2
pikachu.0292;2
pikachu.0293;2
pikachu.0294;2
pikachu.0295;2
pikachu.0296;2
pikachu.0297;2
pikachu.0298;2
pikachu.0299;2
pikachu.0300;2
pikachu.0301;2
pikachu.0302;2
pikachu.0303;2
pikachu.0304;2
pikachu.0305;2
pikachu.0306;2
pikachu.0307;2
pikachu.0308;2
pikachu.0309;2
pikachu.0310;2
pikachu.0311;2
pikachu.0312;2
pikachu.0313;2
pikachu.0314;2
pikachu.0315;2
pikachu.0316;2
pikachu.0317;2
pikachu.0318;2
pikachu.0319;2
pikachu.0320;2
pikachu.0321;2
pikachu.0322;2
pikachu.0323;2
pikachu.0324;2
pikachu.0325;2
pikachu.0326;2
pikachu.0327;2
pikachu.0328;2
pikachu.0329;2
pikachu.0330;2
pikachu.0331;2
pikachu.0332;2
pikachu.0333;2
pikachu.0334;2
pikachu.0335;2
pikachu.0336;2
pikachu.0337;2
pikachu.0338;2
pikachu.0339;2
pikachu.0340;2
pikachu.0341;2
pikachu.0342;2
pikachu.0343;2
pikachu.0344;2
pikachu.0345;2
pikachu.0346;2
pikachu.0347;2
pikachu.0348;2
pikachu.0349;2
pikachu.0350;2
pikachu.0351;2
pikachu.0352;2
pikachu.0353;2
pikachu.0354;2
pikachu.0355;2
pikachu.0356;2
pikachu.0357;2
pikachu.0358;2
pikachu.0359;2
pikachu.0360;2
pikachu.0361;2
pikachu.0362;2
pikachu.0363;2
pikachu.0364;2
pikachu.0365;2
pikachu.0366;2
pikachu.0367;2
pikachu.0368;2
pikachu.0369;2
pikachu.0370;2
pikachu.0371;2
pikachu.0372;2
pikachu.0373;2
pikachu.0374;2
pikachu.0375;2
pikachu.0376;2
pikachu.0377;2
pikachu.0378;2
pikachu.0379;2
pikachu.0380;2
pikachu.0381;2
pikachu.0382;2
pikachu.0383;2
pikachu.0384;2
pikachu.0385;2
pikachu.0386;2
pikachu.0387;2
pikachu.0388;2
pikachu.0389;2
pikachu.0390;2
pikachu.0391;2
pikachu.0392;2
pikachu.0393;2
pikachu.0394;2
pikachu.0395;2
pikachu.0396;2
pikachu.0397;2
pikachu.0398;2
pikachu.0399;2
pikachu.0400;2
pikachu.0401;2
pikachu.0402;2
pikachu.0403;2
pikachu.0404;2
pikachu.0405;2
pikachu.0406;2
pikachu.0407;2
pikachu.0408;2
pikachu.0409;2
pikachu.0410;2
pikachu.0411;2
pikachu.0412;2
pikachu.0413;2
pikachu.0414;2
pikachu.0415;2
pikachu.0416;2
pikachu.0417;2
pikachu.0418;2
pikachu.0419;2
pikachu.0420;2
pikachu.0421;2
pikachu.0422;2
pikachu.0423;2
pikachu.0424;2
pikachu.0425;2
pikachu.0426;2
pikachu.0427;2
pikachu.0428;2
pikachu.0429;2
pikachu.0430;2
pikachu.0431;2
pikachu.0432;2
pikachu.0433;2
pikachu.0434;2
pikachu.0435;2
pikachu.0436;2
pikachu.0437;2
pikachu.0438;2
pikachu.0439;2
pikachu.0440;2
pikachu.0441;2
pikachu.0442;2
pikachu.0443;2
pikachu.0444;2
pikachu.0445;2
pikachu.0446;2
pikachu.0447;2
pikachu.0448;2
pikachu.0449;2
pikachu.0450;2
pikachu.0451;2
pikachu.0452;2
pikachu.0453;2
pikachu.0454;2
pikachu.0455;2
pikachu.0456;2
pikachu.0457;2
pikachu.0458;2
pikachu.0459;2
pikachu.0460;2
pikachu.0461;2
pikachu.0462;2
pikachu.0463;2
pikachu.0464;2
pikachu.0465;2
pikachu.0466;2
pikachu.0467;2
pikachu.0468;2
pikachu.0469;2
pikachu.0470;2
pikachu.0471;2
pikachu.0472;2
pikachu.0473;2
pikachu.0474;2
pikachu.0475;2
pikachu.0476;2
pikachu.0477;2
pikachu.0478;2
pikachu.0479;2
pikachu.0480;2
pikachu.0481;2
pikachu.0482;2
pikachu.0483;2
pikachu.0484;2
pikachu.0485;2
pikachu.0486;2
pikachu.0487;2
pikachu.0488;2
pikachu.0489;2
pikachu.0490;2
pikachu.0491;2
pikachu.0492;2
pikachu.0493;2
pikachu.0494;2
pikachu.0495;2
pikachu.0496;2
pikachu.0497;2
pikachu.0498;2
pikachu.0499;2
pikachu.0500;2
pikachu.0501;2
pikachu.0502;2
pikachu.0503;2
pikachu.0504;2
pikachu.0505;2
pikachu.0506;2
pikachu.0507;2
pikachu.0508;2
pikachu.0509;2
