cat.101.jpg,0
cat.102.jpg,0
cat.103.jpg,0
cat.104.jpg,0
cat.105.jpg,0
cat.106.jpg,0
cat.107.jpg,0
cat.108.jpg,0
cat.109.jpg,0
cat.110.jpg,0
cat.111.jpg,0
cat.112.jpg,0
cat.113.jpg,0
cat.114.jpg,0
cat.115.jpg,0
cat.116.jpg,0
cat.117.jpg,0
cat.118.jpg,0
cat.119.jpg,0
cat.120.jpg,0
cat.121.jpg,0
cat.122.jpg,0
cat.123.jpg,0
cat.124.jpg,0
cat.125.jpg,0
cat.126.jpg,0
cat.127.jpg,0
cat.128.jpg,0
cat.129.jpg,0
cat.130.jpg,0
cat.131.jpg,0
cat.132.jpg,0
cat.133.jpg,0
cat.134.jpg,0
cat.135.jpg,0
cat.136.jpg,0
cat.137.jpg,0
cat.138.jpg,0
cat.139.jpg,0
cat.140.jpg,0
cat.141.jpg,0
cat.142.jpg,0
cat.143.jpg,0
cat.144.jpg,0
cat.145.jpg,0
cat.146.jpg,0
cat.147.jpg,0
cat.148.jpg,0
cat.149.jpg,0
cat.150.jpg,0
cat.151.jpg,0
cat.152.jpg,0
cat.153.jpg,0
cat.154.jpg,0
cat.155.jpg,0
cat.156.jpg,0
cat.157.jpg,0
cat.158.jpg,0
cat.159.jpg,0
cat.160.jpg,0
cat.161.jpg,0
cat.162.jpg,0
cat.163.jpg,0
cat.164.jpg,0
cat.165.jpg,0
cat.166.jpg,0
cat.167.jpg,0
cat.168.jpg,0
cat.169.jpg,0
cat.170.jpg,0
cat.171.jpg,0
cat.172.jpg,0
cat.173.jpg,0
cat.174.jpg,0
cat.175.jpg,0
cat.176.jpg,0
cat.177.jpg,0
cat.178.jpg,0
cat.179.jpg,0
cat.180.jpg,0
cat.181.jpg,0
cat.182.jpg,0
cat.183.jpg,0
cat.184.jpg,0
cat.185.jpg,0
cat.186.jpg,0
cat.187.jpg,0
cat.188.jpg,0
cat.189.jpg,0
cat.190.jpg,0
cat.191.jpg,0
cat.192.jpg,0
cat.193.jpg,0
cat.194.jpg,0
cat.195.jpg,0
cat.196.jpg,0
cat.197.jpg,0
cat.198.jpg,0
cat.199.jpg,0
cat.200.jpg,0
cat.201.jpg,0
cat.202.jpg,0
cat.203.jpg,0
cat.204.jpg,0
cat.205.jpg,0
cat.206.jpg,0
cat.207.jpg,0
cat.208.jpg,0
cat.209.jpg,0
cat.210.jpg,0
cat.211.jpg,0
cat.212.jpg,0
cat.213.jpg,0
cat.214.jpg,0
cat.215.jpg,0
cat.216.jpg,0
cat.217.jpg,0
cat.218.jpg,0
cat.219.jpg,0
cat.220.jpg,0
cat.221.jpg,0
cat.222.jpg,0
cat.223.jpg,0
cat.224.jpg,0
cat.225.jpg,0
cat.226.jpg,0
cat.227.jpg,0
cat.228.jpg,0
cat.229.jpg,0
cat.230.jpg,0
cat.231.jpg,0
cat.232.jpg,0
cat.233.jpg,0
cat.234.jpg,0
cat.235.jpg,0
cat.236.jpg,0
cat.237.jpg,0
cat.238.jpg,0
cat.239.jpg,0
cat.240.jpg,0
cat.241.jpg,0
cat.242.jpg,0
cat.243.jpg,0
cat.244.jpg,0
cat.245.jpg,0
cat.246.jpg,0
cat.247.jpg,0
cat.248.jpg,0
cat.249.jpg,0
cat.250.jpg,0
cat.251.jpg,0
cat.252.jpg,0
cat.253.jpg,0
cat.254.jpg,0
cat.255.jpg,0
cat.256.jpg,0
cat.257.jpg,0
cat.258.jpg,0
cat.259.jpg,0
cat.260.jpg,0
cat.261.jpg,0
cat.262.jpg,0
cat.263.jpg,0
cat.264.jpg,0
cat.265.jpg,0
cat.266.jpg,0
cat.267.jpg,0
cat.268.jpg,0
cat.269.jpg,0
cat.270.jpg,0
cat.271.jpg,0
cat.272.jpg,0
cat.273.jpg,0
cat.274.jpg,0
cat.275.jpg,0
cat.276.jpg,0
cat.277.jpg,0
cat.278.jpg,0
cat.279.jpg,0
cat.280.jpg,0
cat.281.jpg,0
cat.282.jpg,0
cat.283.jpg,0
cat.284.jpg,0
cat.285.jpg,0
cat.286.jpg,0
cat.287.jpg,0
cat.288.jpg,0
cat.289.jpg,0
cat.290.jpg,0
cat.291.jpg,0
cat.292.jpg,0
cat.293.jpg,0
cat.294.jpg,0
cat.295.jpg,0
cat.296.jpg,0
cat.297.jpg,0
cat.298.jpg,0
cat.299.jpg,0
cat.300.jpg,0
cat.301.jpg,0
cat.302.jpg,0
cat.303.jpg,0
cat.304.jpg,0
cat.305.jpg,0
cat.306.jpg,0
cat.307.jpg,0
cat.308.jpg,0
cat.309.jpg,0
cat.310.jpg,0
cat.311.jpg,0
cat.312.jpg,0
cat.313.jpg,0
cat.314.jpg,0
cat.315.jpg,0
cat.316.jpg,0
cat.317.jpg,0
cat.318.jpg,0
cat.319.jpg,0
cat.320.jpg,0
cat.321.jpg,0
cat.322.jpg,0
cat.323.jpg,0
cat.324.jpg,0
cat.325.jpg,0
cat.326.jpg,0
cat.327.jpg,0
cat.328.jpg,0
cat.329.jpg,0
cat.330.jpg,0
cat.331.jpg,0
cat.332.jpg,0
cat.333.jpg,0
cat.334.jpg,0
cat.335.jpg,0
cat.336.jpg,0
cat.337.jpg,0
cat.338.jpg,0
cat.339.jpg,0
cat.340.jpg,0
cat.341.jpg,0
cat.342.jpg,0
cat.343.jpg,0
cat.344.jpg,0
cat.345.jpg,0
cat.346.jpg,0
cat.347.jpg,0
cat.348.jpg,0
cat.349.jpg,0
cat.350.jpg,0
cat.351.jpg,0
cat.352.jpg,0
cat.353.jpg,0
cat.354.jpg,0
cat.355.jpg,0
cat.356.jpg,0
cat.357.jpg,0
cat.358.jpg,0
cat.359.jpg,0
cat.360.jpg,0
cat.361.jpg,0
cat.362.jpg,0
cat.363.jpg,0
cat.364.jpg,0
cat.365.jpg,0
cat.366.jpg,0
cat.367.jpg,0
cat.368.jpg,0
cat.369.jpg,0
cat.370.jpg,0
cat.371.jpg,0
cat.372.jpg,0
cat.373.jpg,0
cat.374.jpg,0
cat.375.jpg,0
cat.376.jpg,0
cat.377.jpg,0
cat.378.jpg,0
cat.379.jpg,0
cat.380.jpg,0
cat.381.jpg,0
cat.382.jpg,0
cat.383.jpg,0
cat.384.jpg,0
cat.385.jpg,0
cat.386.jpg,0
cat.387.jpg,0
cat.388.jpg,0
cat.389.jpg,0
cat.390.jpg,0
cat.391.jpg,0
cat.392.jpg,0
cat.393.jpg,0
cat.394.jpg,0
cat.395.jpg,0
cat.396.jpg,0
cat.397.jpg,0
cat.398.jpg,0
cat.399.jpg,0
cat.400.jpg,0
cat.401.jpg,0
cat.402.jpg,0
cat.403.jpg,0
cat.404.jpg,0
cat.405.jpg,0
cat.406.jpg,0
cat.407.jpg,0
cat.408.jpg,0
cat.409.jpg,0
cat.410.jpg,0
cat.411.jpg,0
cat.412.jpg,0
cat.413.jpg,0
cat.414.jpg,0
cat.415.jpg,0
cat.416.jpg,0
cat.417.jpg,0
cat.418.jpg,0
cat.419.jpg,0
cat.420.jpg,0
cat.421.jpg,0
cat.422.jpg,0
cat.423.jpg,0
cat.424.jpg,0
cat.425.jpg,0
cat.426.jpg,0
cat.427.jpg,0
cat.428.jpg,0
cat.429.jpg,0
cat.430.jpg,0
cat.431.jpg,0
cat.432.jpg,0
cat.433.jpg,0
cat.434.jpg,0
cat.435.jpg,0
cat.436.jpg,0
cat.437.jpg,0
cat.438.jpg,0
cat.439.jpg,0
cat.440.jpg,0
cat.441.jpg,0
cat.442.jpg,0
cat.443.jpg,0
cat.444.jpg,0
cat.445.jpg,0
cat.446.jpg,0
cat.447.jpg,0
cat.448.jpg,0
cat.449.jpg,0
cat.450.jpg,0
cat.451.jpg,0
cat.452.jpg,0
cat.453.jpg,0
cat.454.jpg,0
cat.455.jpg,0
cat.456.jpg,0
cat.457.jpg,0
cat.458.jpg,0
cat.459.jpg,0
cat.460.jpg,0
cat.461.jpg,0
cat.462.jpg,0
cat.463.jpg,0
cat.464.jpg,0
cat.465.jpg,0
cat.466.jpg,0
cat.467.jpg,0
cat.468.jpg,0
cat.469.jpg,0
cat.470.jpg,0
cat.471.jpg,0
cat.472.jpg,0
cat.473.jpg,0
cat.474.jpg,0
cat.475.jpg,0
cat.476.jpg,0
cat.477.jpg,0
cat.478.jpg,0
cat.479.jpg,0
cat.480.jpg,0
cat.481.jpg,0
cat.482.jpg,0
cat.483.jpg,0
cat.484.jpg,0
cat.485.jpg,0
cat.486.jpg,0
cat.487.jpg,0
cat.488.jpg,0
cat.489.jpg,0
cat.490.jpg,0
cat.491.jpg,0
cat.492.jpg,0
cat.493.jpg,0
cat.494.jpg,0
cat.495.jpg,0
cat.496.jpg,0
cat.497.jpg,0
cat.498.jpg,0
cat.499.jpg,0
cat.500.jpg,0
cat.501.jpg,0
cat.502.jpg,0
cat.503.jpg,0
cat.504.jpg,0
cat.505.jpg,0
cat.506.jpg,0
cat.507.jpg,0
cat.508.jpg,0
cat.509.jpg,0
cat.510.jpg,0
cat.511.jpg,0
cat.512.jpg,0
cat.513.jpg,0
cat.514.jpg,0
cat.515.jpg,0
cat.516.jpg,0
cat.517.jpg,0
cat.518.jpg,0
cat.519.jpg,0
cat.520.jpg,0
cat.521.jpg,0
cat.522.jpg,0
cat.523.jpg,0
cat.524.jpg,0
cat.525.jpg,0
cat.526.jpg,0
cat.527.jpg,0
cat.528.jpg,0
cat.529.jpg,0
cat.530.jpg,0
cat.531.jpg,0
cat.532.jpg,0
cat.533.jpg,0
cat.534.jpg,0
cat.535.jpg,0
cat.536.jpg,0
cat.537.jpg,0
cat.538.jpg,0
cat.539.jpg,0
cat.540.jpg,0
cat.541.jpg,0
cat.542.jpg,0
cat.543.jpg,0
cat.544.jpg,0
cat.545.jpg,0
cat.546.jpg,0
cat.547.jpg,0
cat.548.jpg,0
cat.549.jpg,0
cat.550.jpg,0
cat.551.jpg,0
cat.552.jpg,0
cat.553.jpg,0
cat.554.jpg,0
cat.555.jpg,0
cat.556.jpg,0
cat.557.jpg,0
cat.558.jpg,0
cat.559.jpg,0
cat.560.jpg,0
cat.561.jpg,0
cat.562.jpg,0
cat.563.jpg,0
cat.564.jpg,0
cat.565.jpg,0
cat.566.jpg,0
cat.567.jpg,0
cat.568.jpg,0
cat.569.jpg,0
cat.570.jpg,0
cat.571.jpg,0
cat.572.jpg,0
cat.573.jpg,0
cat.574.jpg,0
cat.575.jpg,0
cat.576.jpg,0
cat.577.jpg,0
cat.578.jpg,0
cat.579.jpg,0
cat.580.jpg,0
cat.581.jpg,0
cat.582.jpg,0
cat.583.jpg,0
cat.584.jpg,0
cat.585.jpg,0
cat.586.jpg,0
cat.587.jpg,0
cat.588.jpg,0
cat.589.jpg,0
cat.590.jpg,0
cat.591.jpg,0
cat.592.jpg,0
cat.593.jpg,0
cat.594.jpg,0
cat.595.jpg,0
cat.596.jpg,0
cat.597.jpg,0
cat.598.jpg,0
cat.599.jpg,0
cat.600.jpg,0
cat.601.jpg,0
cat.602.jpg,0
cat.603.jpg,0
cat.604.jpg,0
cat.605.jpg,0
cat.606.jpg,0
cat.607.jpg,0
cat.608.jpg,0
cat.609.jpg,0
cat.610.jpg,0
cat.611.jpg,0
cat.612.jpg,0
cat.613.jpg,0
cat.614.jpg,0
cat.615.jpg,0
cat.616.jpg,0
cat.617.jpg,0
cat.618.jpg,0
cat.619.jpg,0
cat.620.jpg,0
cat.621.jpg,0
cat.622.jpg,0
cat.623.jpg,0
cat.624.jpg,0
cat.625.jpg,0
cat.626.jpg,0
cat.627.jpg,0
cat.628.jpg,0
cat.629.jpg,0
cat.630.jpg,0
cat.631.jpg,0
cat.632.jpg,0
cat.633.jpg,0
cat.634.jpg,0
cat.635.jpg,0
cat.636.jpg,0
cat.637.jpg,0
cat.638.jpg,0
cat.639.jpg,0
cat.640.jpg,0
cat.641.jpg,0
cat.642.jpg,0
cat.643.jpg,0
cat.644.jpg,0
cat.645.jpg,0
cat.646.jpg,0
cat.647.jpg,0
cat.648.jpg,0
cat.649.jpg,0
cat.650.jpg,0
cat.651.jpg,0
cat.652.jpg,0
cat.653.jpg,0
cat.654.jpg,0
cat.655.jpg,0
cat.656.jpg,0
cat.657.jpg,0
cat.658.jpg,0
cat.659.jpg,0
cat.660.jpg,0
cat.661.jpg,0
cat.662.jpg,0
cat.663.jpg,0
cat.664.jpg,0
cat.665.jpg,0
cat.666.jpg,0
cat.667.jpg,0
cat.668.jpg,0
cat.669.jpg,0
cat.670.jpg,0
cat.671.jpg,0
cat.672.jpg,0
cat.673.jpg,0
cat.674.jpg,0
cat.675.jpg,0
cat.676.jpg,0
cat.677.jpg,0
cat.678.jpg,0
cat.679.jpg,0
cat.680.jpg,0
cat.681.jpg,0
cat.682.jpg,0
cat.683.jpg,0
cat.684.jpg,0
cat.685.jpg,0
cat.686.jpg,0
cat.687.jpg,0
cat.688.jpg,0
cat.689.jpg,0
cat.690.jpg,0
cat.691.jpg,0
cat.692.jpg,0
cat.693.jpg,0
cat.694.jpg,0
cat.695.jpg,0
cat.696.jpg,0
cat.697.jpg,0
cat.698.jpg,0
cat.699.jpg,0
cat.700.jpg,0
cat.701.jpg,0
cat.702.jpg,0
cat.703.jpg,0
cat.704.jpg,0
cat.705.jpg,0
cat.706.jpg,0
cat.707.jpg,0
cat.708.jpg,0
cat.709.jpg,0
cat.710.jpg,0
cat.711.jpg,0
cat.712.jpg,0
cat.713.jpg,0
cat.714.jpg,0
cat.715.jpg,0
cat.716.jpg,0
cat.717.jpg,0
cat.718.jpg,0
cat.719.jpg,0
cat.720.jpg,0
cat.721.jpg,0
cat.722.jpg,0
cat.723.jpg,0
cat.724.jpg,0
cat.725.jpg,0
cat.726.jpg,0
cat.727.jpg,0
cat.728.jpg,0
cat.729.jpg,0
cat.730.jpg,0
cat.731.jpg,0
cat.732.jpg,0
cat.733.jpg,0
cat.734.jpg,0
cat.735.jpg,0
cat.736.jpg,0
cat.737.jpg,0
cat.738.jpg,0
cat.739.jpg,0
cat.740.jpg,0
cat.741.jpg,0
cat.742.jpg,0
cat.743.jpg,0
cat.744.jpg,0
cat.745.jpg,0
cat.746.jpg,0
cat.747.jpg,0
cat.748.jpg,0
cat.749.jpg,0
cat.750.jpg,0
cat.751.jpg,0
cat.752.jpg,0
cat.753.jpg,0
cat.754.jpg,0
cat.755.jpg,0
cat.756.jpg,0
cat.757.jpg,0
cat.758.jpg,0
cat.759.jpg,0
cat.760.jpg,0
cat.761.jpg,0
cat.762.jpg,0
cat.763.jpg,0
cat.764.jpg,0
cat.765.jpg,0
cat.766.jpg,0
cat.767.jpg,0
cat.768.jpg,0
cat.769.jpg,0
cat.770.jpg,0
cat.771.jpg,0
cat.772.jpg,0
cat.773.jpg,0
cat.774.jpg,0
cat.775.jpg,0
cat.776.jpg,0
cat.777.jpg,0
cat.778.jpg,0
cat.779.jpg,0
cat.780.jpg,0
cat.781.jpg,0
cat.782.jpg,0
cat.783.jpg,0
cat.784.jpg,0
cat.785.jpg,0
cat.786.jpg,0
cat.787.jpg,0
cat.788.jpg,0
cat.789.jpg,0
cat.790.jpg,0
cat.791.jpg,0
cat.792.jpg,0
cat.793.jpg,0
cat.794.jpg,0
cat.795.jpg,0
cat.796.jpg,0
cat.797.jpg,0
cat.798.jpg,0
cat.799.jpg,0
cat.800.jpg,0
cat.801.jpg,0
cat.802.jpg,0
cat.803.jpg,0
cat.804.jpg,0
cat.805.jpg,0
cat.806.jpg,0
cat.807.jpg,0
cat.808.jpg,0
cat.809.jpg,0
cat.810.jpg,0
cat.811.jpg,0
cat.812.jpg,0
cat.813.jpg,0
cat.814.jpg,0
cat.815.jpg,0
cat.816.jpg,0
cat.817.jpg,0
cat.818.jpg,0
cat.819.jpg,0
cat.820.jpg,0
cat.821.jpg,0
cat.822.jpg,0
cat.823.jpg,0
cat.824.jpg,0
cat.825.jpg,0
cat.826.jpg,0
cat.827.jpg,0
cat.828.jpg,0
cat.829.jpg,0
cat.830.jpg,0
cat.831.jpg,0
cat.832.jpg,0
cat.833.jpg,0
cat.834.jpg,0
cat.835.jpg,0
cat.836.jpg,0
cat.837.jpg,0
cat.838.jpg,0
cat.839.jpg,0
cat.840.jpg,0
cat.841.jpg,0
cat.842.jpg,0
cat.843.jpg,0
cat.844.jpg,0
cat.845.jpg,0
cat.846.jpg,0
cat.847.jpg,0
cat.848.jpg,0
cat.849.jpg,0
cat.850.jpg,0
cat.851.jpg,0
cat.852.jpg,0
cat.853.jpg,0
cat.854.jpg,0
cat.855.jpg,0
cat.856.jpg,0
cat.857.jpg,0
cat.858.jpg,0
cat.859.jpg,0
cat.860.jpg,0
cat.861.jpg,0
cat.862.jpg,0
cat.863.jpg,0
cat.864.jpg,0
cat.865.jpg,0
cat.866.jpg,0
cat.867.jpg,0
cat.868.jpg,0
cat.869.jpg,0
cat.870.jpg,0
cat.871.jpg,0
cat.872.jpg,0
cat.873.jpg,0
cat.874.jpg,0
cat.875.jpg,0
cat.876.jpg,0
cat.877.jpg,0
cat.878.jpg,0
cat.879.jpg,0
cat.880.jpg,0
cat.881.jpg,0
cat.882.jpg,0
cat.883.jpg,0
cat.884.jpg,0
cat.885.jpg,0
cat.886.jpg,0
cat.887.jpg,0
cat.888.jpg,0
cat.889.jpg,0
cat.890.jpg,0
cat.891.jpg,0
cat.892.jpg,0
cat.893.jpg,0
cat.894.jpg,0
cat.895.jpg,0
cat.896.jpg,0
cat.897.jpg,0
cat.898.jpg,0
cat.899.jpg,0
cat.900.jpg,0
cat.901.jpg,0
cat.902.jpg,0
cat.903.jpg,0
cat.904.jpg,0
cat.905.jpg,0
cat.906.jpg,0
cat.907.jpg,0
cat.908.jpg,0
cat.909.jpg,0
cat.910.jpg,0
cat.911.jpg,0
cat.912.jpg,0
cat.913.jpg,0
cat.914.jpg,0
cat.915.jpg,0
cat.916.jpg,0
cat.917.jpg,0
cat.918.jpg,0
cat.919.jpg,0
cat.920.jpg,0
cat.921.jpg,0
cat.922.jpg,0
cat.923.jpg,0
cat.924.jpg,0
cat.925.jpg,0
cat.926.jpg,0
cat.927.jpg,0
cat.928.jpg,0
cat.929.jpg,0
cat.930.jpg,0
cat.931.jpg,0
cat.932.jpg,0
cat.933.jpg,0
cat.934.jpg,0
cat.935.jpg,0
cat.936.jpg,0
cat.937.jpg,0
cat.938.jpg,0
cat.939.jpg,0
cat.940.jpg,0
cat.941.jpg,0
cat.942.jpg,0
cat.943.jpg,0
cat.944.jpg,0
cat.945.jpg,0
cat.946.jpg,0
cat.947.jpg,0
cat.948.jpg,0
cat.949.jpg,0
cat.950.jpg,0
cat.951.jpg,0
cat.952.jpg,0
cat.953.jpg,0
cat.954.jpg,0
cat.955.jpg,0
cat.956.jpg,0
cat.957.jpg,0
cat.958.jpg,0
cat.959.jpg,0
cat.960.jpg,0
cat.961.jpg,0
cat.962.jpg,0
cat.963.jpg,0
cat.964.jpg,0
cat.965.jpg,0
cat.966.jpg,0
cat.967.jpg,0
cat.968.jpg,0
cat.969.jpg,0
cat.970.jpg,0
cat.971.jpg,0
cat.972.jpg,0
cat.973.jpg,0
cat.974.jpg,0
cat.975.jpg,0
cat.976.jpg,0
cat.977.jpg,0
cat.978.jpg,0
cat.979.jpg,0
cat.980.jpg,0
cat.981.jpg,0
cat.982.jpg,0
cat.983.jpg,0
cat.984.jpg,0
cat.985.jpg,0
cat.986.jpg,0
cat.987.jpg,0
cat.988.jpg,0
cat.989.jpg,0
cat.990.jpg,0
cat.991.jpg,0
cat.992.jpg,0
cat.993.jpg,0
cat.994.jpg,0
cat.995.jpg,0
cat.996.jpg,0
cat.997.jpg,0
cat.998.jpg,0
cat.999.jpg,0
cat.1000.jpg,0
dog.101.jpg,1
dog.102.jpg,1
dog.103.jpg,1
dog.104.jpg,1
dog.105.jpg,1
dog.106.jpg,1
dog.107.jpg,1
dog.108.jpg,1
dog.109.jpg,1
dog.110.jpg,1
dog.111.jpg,1
dog.112.jpg,1
dog.113.jpg,1
dog.114.jpg,1
dog.115.jpg,1
dog.116.jpg,1
dog.117.jpg,1
dog.118.jpg,1
dog.119.jpg,1
dog.120.jpg,1
dog.121.jpg,1
dog.122.jpg,1
dog.123.jpg,1
dog.124.jpg,1
dog.125.jpg,1
dog.126.jpg,1
dog.127.jpg,1
dog.128.jpg,1
dog.129.jpg,1
dog.130.jpg,1
dog.131.jpg,1
dog.132.jpg,1
dog.133.jpg,1
dog.134.jpg,1
dog.135.jpg,1
dog.136.jpg,1
dog.137.jpg,1
dog.138.jpg,1
dog.139.jpg,1
dog.140.jpg,1
dog.141.jpg,1
dog.142.jpg,1
dog.143.jpg,1
dog.144.jpg,1
dog.145.jpg,1
dog.146.jpg,1
dog.147.jpg,1
dog.148.jpg,1
dog.149.jpg,1
dog.150.jpg,1
dog.151.jpg,1
dog.152.jpg,1
dog.153.jpg,1
dog.154.jpg,1
dog.155.jpg,1
dog.156.jpg,1
dog.157.jpg,1
dog.158.jpg,1
dog.159.jpg,1
dog.160.jpg,1
dog.161.jpg,1
dog.162.jpg,1
dog.163.jpg,1
dog.164.jpg,1
dog.165.jpg,1
dog.166.jpg,1
dog.167.jpg,1
dog.168.jpg,1
dog.169.jpg,1
dog.170.jpg,1
dog.171.jpg,1
dog.172.jpg,1
dog.173.jpg,1
dog.174.jpg,1
dog.175.jpg,1
dog.176.jpg,1
dog.177.jpg,1
dog.178.jpg,1
dog.179.jpg,1
dog.180.jpg,1
dog.181.jpg,1
dog.182.jpg,1
dog.183.jpg,1
dog.184.jpg,1
dog.185.jpg,1
dog.186.jpg,1
dog.187.jpg,1
dog.188.jpg,1
dog.189.jpg,1
dog.190.jpg,1
dog.191.jpg,1
dog.192.jpg,1
dog.193.jpg,1
dog.194.jpg,1
dog.195.jpg,1
dog.196.jpg,1
dog.197.jpg,1
dog.198.jpg,1
dog.199.jpg,1
dog.200.jpg,1
dog.201.jpg,1
dog.202.jpg,1
dog.203.jpg,1
dog.204.jpg,1
dog.205.jpg,1
dog.206.jpg,1
dog.207.jpg,1
dog.208.jpg,1
dog.209.jpg,1
dog.210.jpg,1
dog.211.jpg,1
dog.212.jpg,1
dog.213.jpg,1
dog.214.jpg,1
dog.215.jpg,1
dog.216.jpg,1
dog.217.jpg,1
dog.218.jpg,1
dog.219.jpg,1
dog.220.jpg,1
dog.221.jpg,1
dog.222.jpg,1
dog.223.jpg,1
dog.224.jpg,1
dog.225.jpg,1
dog.226.jpg,1
dog.227.jpg,1
dog.228.jpg,1
dog.229.jpg,1
dog.230.jpg,1
dog.231.jpg,1
dog.232.jpg,1
dog.233.jpg,1
dog.234.jpg,1
dog.235.jpg,1
dog.236.jpg,1
dog.237.jpg,1
dog.238.jpg,1
dog.239.jpg,1
dog.240.jpg,1
dog.241.jpg,1
dog.242.jpg,1
dog.243.jpg,1
dog.244.jpg,1
dog.245.jpg,1
dog.246.jpg,1
dog.247.jpg,1
dog.248.jpg,1
dog.249.jpg,1
dog.250.jpg,1
dog.251.jpg,1
dog.252.jpg,1
dog.253.jpg,1
dog.254.jpg,1
dog.255.jpg,1
dog.256.jpg,1
dog.257.jpg,1
dog.258.jpg,1
dog.259.jpg,1
dog.260.jpg,1
dog.261.jpg,1
dog.262.jpg,1
dog.263.jpg,1
dog.264.jpg,1
dog.265.jpg,1
dog.266.jpg,1
dog.267.jpg,1
dog.268.jpg,1
dog.269.jpg,1
dog.270.jpg,1
dog.271.jpg,1
dog.272.jpg,1
dog.273.jpg,1
dog.274.jpg,1
dog.275.jpg,1
dog.276.jpg,1
dog.277.jpg,1
dog.278.jpg,1
dog.279.jpg,1
dog.280.jpg,1
dog.281.jpg,1
dog.282.jpg,1
dog.283.jpg,1
dog.284.jpg,1
dog.285.jpg,1
dog.286.jpg,1
dog.287.jpg,1
dog.288.jpg,1
dog.289.jpg,1
dog.290.jpg,1
dog.291.jpg,1
dog.292.jpg,1
dog.293.jpg,1
dog.294.jpg,1
dog.295.jpg,1
dog.296.jpg,1
dog.297.jpg,1
dog.298.jpg,1
dog.299.jpg,1
dog.300.jpg,1
dog.301.jpg,1
dog.302.jpg,1
dog.303.jpg,1
dog.304.jpg,1
dog.305.jpg,1
dog.306.jpg,1
dog.307.jpg,1
dog.308.jpg,1
dog.309.jpg,1
dog.310.jpg,1
dog.311.jpg,1
dog.312.jpg,1
dog.313.jpg,1
dog.314.jpg,1
dog.315.jpg,1
dog.316.jpg,1
dog.317.jpg,1
dog.318.jpg,1
dog.319.jpg,1
dog.320.jpg,1
dog.321.jpg,1
dog.322.jpg,1
dog.323.jpg,1
dog.324.jpg,1
dog.325.jpg,1
dog.326.jpg,1
dog.327.jpg,1
dog.328.jpg,1
dog.329.jpg,1
dog.330.jpg,1
dog.331.jpg,1
dog.332.jpg,1
dog.333.jpg,1
dog.334.jpg,1
dog.335.jpg,1
dog.336.jpg,1
dog.337.jpg,1
dog.338.jpg,1
dog.339.jpg,1
dog.340.jpg,1
dog.341.jpg,1
dog.342.jpg,1
dog.343.jpg,1
dog.344.jpg,1
dog.345.jpg,1
dog.346.jpg,1
dog.347.jpg,1
dog.348.jpg,1
dog.349.jpg,1
dog.350.jpg,1
dog.351.jpg,1
dog.352.jpg,1
dog.353.jpg,1
dog.354.jpg,1
dog.355.jpg,1
dog.356.jpg,1
dog.357.jpg,1
dog.358.jpg,1
dog.359.jpg,1
dog.360.jpg,1
dog.361.jpg,1
dog.362.jpg,1
dog.363.jpg,1
dog.364.jpg,1
dog.365.jpg,1
dog.366.jpg,1
dog.367.jpg,1
dog.368.jpg,1
dog.369.jpg,1
dog.370.jpg,1
dog.371.jpg,1
dog.372.jpg,1
dog.373.jpg,1
dog.374.jpg,1
dog.375.jpg,1
dog.376.jpg,1
dog.377.jpg,1
dog.378.jpg,1
dog.379.jpg,1
dog.380.jpg,1
dog.381.jpg,1
dog.382.jpg,1
dog.383.jpg,1
dog.384.jpg,1
dog.385.jpg,1
dog.386.jpg,1
dog.387.jpg,1
dog.388.jpg,1
dog.389.jpg,1
dog.390.jpg,1
dog.391.jpg,1
dog.392.jpg,1
dog.393.jpg,1
dog.394.jpg,1
dog.395.jpg,1
dog.396.jpg,1
dog.397.jpg,1
dog.398.jpg,1
dog.399.jpg,1
dog.400.jpg,1
dog.401.jpg,1
dog.402.jpg,1
dog.403.jpg,1
dog.404.jpg,1
dog.405.jpg,1
dog.406.jpg,1
dog.407.jpg,1
dog.408.jpg,1
dog.409.jpg,1
dog.410.jpg,1
dog.411.jpg,1
dog.412.jpg,1
dog.413.jpg,1
dog.414.jpg,1
dog.415.jpg,1
dog.416.jpg,1
dog.417.jpg,1
dog.418.jpg,1
dog.419.jpg,1
dog.420.jpg,1
dog.421.jpg,1
dog.422.jpg,1
dog.423.jpg,1
dog.424.jpg,1
dog.425.jpg,1
dog.426.jpg,1
dog.427.jpg,1
dog.428.jpg,1
dog.429.jpg,1
dog.430.jpg,1
dog.431.jpg,1
dog.432.jpg,1
dog.433.jpg,1
dog.434.jpg,1
dog.435.jpg,1
dog.436.jpg,1
dog.437.jpg,1
dog.438.jpg,1
dog.439.jpg,1
dog.440.jpg,1
dog.441.jpg,1
dog.442.jpg,1
dog.443.jpg,1
dog.444.jpg,1
dog.445.jpg,1
dog.446.jpg,1
dog.447.jpg,1
dog.448.jpg,1
dog.449.jpg,1
dog.450.jpg,1
dog.451.jpg,1
dog.452.jpg,1
dog.453.jpg,1
dog.454.jpg,1
dog.455.jpg,1
dog.456.jpg,1
dog.457.jpg,1
dog.458.jpg,1
dog.459.jpg,1
dog.460.jpg,1
dog.461.jpg,1
dog.462.jpg,1
dog.463.jpg,1
dog.464.jpg,1
dog.465.jpg,1
dog.466.jpg,1
dog.467.jpg,1
dog.468.jpg,1
dog.469.jpg,1
dog.470.jpg,1
dog.471.jpg,1
dog.472.jpg,1
dog.473.jpg,1
dog.474.jpg,1
dog.475.jpg,1
dog.476.jpg,1
dog.477.jpg,1
dog.478.jpg,1
dog.479.jpg,1
dog.480.jpg,1
dog.481.jpg,1
dog.482.jpg,1
dog.483.jpg,1
dog.484.jpg,1
dog.485.jpg,1
dog.486.jpg,1
dog.487.jpg,1
dog.488.jpg,1
dog.489.jpg,1
dog.490.jpg,1
dog.491.jpg,1
dog.492.jpg,1
dog.493.jpg,1
dog.494.jpg,1
dog.495.jpg,1
dog.496.jpg,1
dog.497.jpg,1
dog.498.jpg,1
dog.499.jpg,1
dog.500.jpg,1
dog.501.jpg,1
dog.502.jpg,1
dog.503.jpg,1
dog.504.jpg,1
dog.505.jpg,1
dog.506.jpg,1
dog.507.jpg,1
dog.508.jpg,1
dog.509.jpg,1
dog.510.jpg,1
dog.511.jpg,1
dog.512.jpg,1
dog.513.jpg,1
dog.514.jpg,1
dog.515.jpg,1
dog.516.jpg,1
dog.517.jpg,1
dog.518.jpg,1
dog.519.jpg,1
dog.520.jpg,1
dog.521.jpg,1
dog.522.jpg,1
dog.523.jpg,1
dog.524.jpg,1
dog.525.jpg,1
dog.526.jpg,1
dog.527.jpg,1
dog.528.jpg,1
dog.529.jpg,1
dog.530.jpg,1
dog.531.jpg,1
dog.532.jpg,1
dog.533.jpg,1
dog.534.jpg,1
dog.535.jpg,1
dog.536.jpg,1
dog.537.jpg,1
dog.538.jpg,1
dog.539.jpg,1
dog.540.jpg,1
dog.541.jpg,1
dog.542.jpg,1
dog.543.jpg,1
dog.544.jpg,1
dog.545.jpg,1
dog.546.jpg,1
dog.547.jpg,1
dog.548.jpg,1
dog.549.jpg,1
dog.550.jpg,1
dog.551.jpg,1
dog.552.jpg,1
dog.553.jpg,1
dog.554.jpg,1
dog.555.jpg,1
dog.556.jpg,1
dog.557.jpg,1
dog.558.jpg,1
dog.559.jpg,1
dog.560.jpg,1
dog.561.jpg,1
dog.562.jpg,1
dog.563.jpg,1
dog.564.jpg,1
dog.565.jpg,1
dog.566.jpg,1
dog.567.jpg,1
dog.568.jpg,1
dog.569.jpg,1
dog.570.jpg,1
dog.571.jpg,1
dog.572.jpg,1
dog.573.jpg,1
dog.574.jpg,1
dog.575.jpg,1
dog.576.jpg,1
dog.577.jpg,1
dog.578.jpg,1
dog.579.jpg,1
dog.580.jpg,1
dog.581.jpg,1
dog.582.jpg,1
dog.583.jpg,1
dog.584.jpg,1
dog.585.jpg,1
dog.586.jpg,1
dog.587.jpg,1
dog.588.jpg,1
dog.589.jpg,1
dog.590.jpg,1
dog.591.jpg,1
dog.592.jpg,1
dog.593.jpg,1
dog.594.jpg,1
dog.595.jpg,1
dog.596.jpg,1
dog.597.jpg,1
dog.598.jpg,1
dog.599.jpg,1
dog.600.jpg,1
dog.601.jpg,1
dog.602.jpg,1
dog.603.jpg,1
dog.604.jpg,1
dog.605.jpg,1
dog.606.jpg,1
dog.607.jpg,1
dog.608.jpg,1
dog.609.jpg,1
dog.610.jpg,1
dog.611.jpg,1
dog.612.jpg,1
dog.613.jpg,1
dog.614.jpg,1
dog.615.jpg,1
dog.616.jpg,1
dog.617.jpg,1
dog.618.jpg,1
dog.619.jpg,1
dog.620.jpg,1
dog.621.jpg,1
dog.622.jpg,1
dog.623.jpg,1
dog.624.jpg,1
dog.625.jpg,1
dog.626.jpg,1
dog.627.jpg,1
dog.628.jpg,1
dog.629.jpg,1
dog.630.jpg,1
dog.631.jpg,1
dog.632.jpg,1
dog.633.jpg,1
dog.634.jpg,1
dog.635.jpg,1
dog.636.jpg,1
dog.637.jpg,1
dog.638.jpg,1
dog.639.jpg,1
dog.640.jpg,1
dog.641.jpg,1
dog.642.jpg,1
dog.643.jpg,1
dog.644.jpg,1
dog.645.jpg,1
dog.646.jpg,1
dog.647.jpg,1
dog.648.jpg,1
dog.649.jpg,1
dog.650.jpg,1
dog.651.jpg,1
dog.652.jpg,1
dog.653.jpg,1
dog.654.jpg,1
dog.655.jpg,1
dog.656.jpg,1
dog.657.jpg,1
dog.658.jpg,1
dog.659.jpg,1
dog.660.jpg,1
dog.661.jpg,1
dog.662.jpg,1
dog.663.jpg,1
dog.664.jpg,1
dog.665.jpg,1
dog.666.jpg,1
dog.667.jpg,1
dog.668.jpg,1
dog.669.jpg,1
dog.670.jpg,1
dog.671.jpg,1
dog.672.jpg,1
dog.673.jpg,1
dog.674.jpg,1
dog.675.jpg,1
dog.676.jpg,1
dog.677.jpg,1
dog.678.jpg,1
dog.679.jpg,1
dog.680.jpg,1
dog.681.jpg,1
dog.682.jpg,1
dog.683.jpg,1
dog.684.jpg,1
dog.685.jpg,1
dog.686.jpg,1
dog.687.jpg,1
dog.688.jpg,1
dog.689.jpg,1
dog.690.jpg,1
dog.691.jpg,1
dog.692.jpg,1
dog.693.jpg,1
dog.694.jpg,1
dog.695.jpg,1
dog.696.jpg,1
dog.697.jpg,1
dog.698.jpg,1
dog.699.jpg,1
dog.700.jpg,1
dog.701.jpg,1
dog.702.jpg,1
dog.703.jpg,1
dog.704.jpg,1
dog.705.jpg,1
dog.706.jpg,1
dog.707.jpg,1
dog.708.jpg,1
dog.709.jpg,1
dog.710.jpg,1
dog.711.jpg,1
dog.712.jpg,1
dog.713.jpg,1
dog.714.jpg,1
dog.715.jpg,1
dog.716.jpg,1
dog.717.jpg,1
dog.718.jpg,1
dog.719.jpg,1
dog.720.jpg,1
dog.721.jpg,1
dog.722.jpg,1
dog.723.jpg,1
dog.724.jpg,1
dog.725.jpg,1
dog.726.jpg,1
dog.727.jpg,1
dog.728.jpg,1
dog.729.jpg,1
dog.730.jpg,1
dog.731.jpg,1
dog.732.jpg,1
dog.733.jpg,1
dog.734.jpg,1
dog.735.jpg,1
dog.736.jpg,1
dog.737.jpg,1
dog.738.jpg,1
dog.739.jpg,1
dog.740.jpg,1
dog.741.jpg,1
dog.742.jpg,1
dog.743.jpg,1
dog.744.jpg,1
dog.745.jpg,1
dog.746.jpg,1
dog.747.jpg,1
dog.748.jpg,1
dog.749.jpg,1
dog.750.jpg,1
dog.751.jpg,1
dog.752.jpg,1
dog.753.jpg,1
dog.754.jpg,1
dog.755.jpg,1
dog.756.jpg,1
dog.757.jpg,1
dog.758.jpg,1
dog.759.jpg,1
dog.760.jpg,1
dog.761.jpg,1
dog.762.jpg,1
dog.763.jpg,1
dog.764.jpg,1
dog.765.jpg,1
dog.766.jpg,1
dog.767.jpg,1
dog.768.jpg,1
dog.769.jpg,1
dog.770.jpg,1
dog.771.jpg,1
dog.772.jpg,1
dog.773.jpg,1
dog.774.jpg,1
dog.775.jpg,1
dog.776.jpg,1
dog.777.jpg,1
dog.778.jpg,1
dog.779.jpg,1
dog.780.jpg,1
dog.781.jpg,1
dog.782.jpg,1
dog.783.jpg,1
dog.784.jpg,1
dog.785.jpg,1
dog.786.jpg,1
dog.787.jpg,1
dog.788.jpg,1
dog.789.jpg,1
dog.790.jpg,1
dog.791.jpg,1
dog.792.jpg,1
dog.793.jpg,1
dog.794.jpg,1
dog.795.jpg,1
dog.796.jpg,1
dog.797.jpg,1
dog.798.jpg,1
dog.799.jpg,1
dog.800.jpg,1
dog.801.jpg,1
dog.802.jpg,1
dog.803.jpg,1
dog.804.jpg,1
dog.805.jpg,1
dog.806.jpg,1
dog.807.jpg,1
dog.808.jpg,1
dog.809.jpg,1
dog.810.jpg,1
dog.811.jpg,1
dog.812.jpg,1
dog.813.jpg,1
dog.814.jpg,1
dog.815.jpg,1
dog.816.jpg,1
dog.817.jpg,1
dog.818.jpg,1
dog.819.jpg,1
dog.820.jpg,1
dog.821.jpg,1
dog.822.jpg,1
dog.823.jpg,1
dog.824.jpg,1
dog.825.jpg,1
dog.826.jpg,1
dog.827.jpg,1
dog.828.jpg,1
dog.829.jpg,1
dog.830.jpg,1
dog.831.jpg,1
dog.832.jpg,1
dog.833.jpg,1
dog.834.jpg,1
dog.835.jpg,1
dog.836.jpg,1
dog.837.jpg,1
dog.838.jpg,1
dog.839.jpg,1
dog.840.jpg,1
dog.841.jpg,1
dog.842.jpg,1
dog.843.jpg,1
dog.844.jpg,1
dog.845.jpg,1
dog.846.jpg,1
dog.847.jpg,1
dog.848.jpg,1
dog.849.jpg,1
dog.850.jpg,1
dog.851.jpg,1
dog.852.jpg,1
dog.853.jpg,1
dog.854.jpg,1
dog.855.jpg,1
dog.856.jpg,1
dog.857.jpg,1
dog.858.jpg,1
dog.859.jpg,1
dog.860.jpg,1
dog.861.jpg,1
dog.862.jpg,1
dog.863.jpg,1
dog.864.jpg,1
dog.865.jpg,1
dog.866.jpg,1
dog.867.jpg,1
dog.868.jpg,1
dog.869.jpg,1
dog.870.jpg,1
dog.871.jpg,1
dog.872.jpg,1
dog.873.jpg,1
dog.874.jpg,1
dog.875.jpg,1
dog.876.jpg,1
dog.877.jpg,1
dog.878.jpg,1
dog.879.jpg,1
dog.880.jpg,1
dog.881.jpg,1
dog.882.jpg,1
dog.883.jpg,1
dog.884.jpg,1
dog.885.jpg,1
dog.886.jpg,1
dog.887.jpg,1
dog.888.jpg,1
dog.889.jpg,1
dog.890.jpg,1
dog.891.jpg,1
dog.892.jpg,1
dog.893.jpg,1
dog.894.jpg,1
dog.895.jpg,1
dog.896.jpg,1
dog.897.jpg,1
dog.898.jpg,1
dog.899.jpg,1
dog.900.jpg,1
dog.901.jpg,1
dog.902.jpg,1
dog.903.jpg,1
dog.904.jpg,1
dog.905.jpg,1
dog.906.jpg,1
dog.907.jpg,1
dog.908.jpg,1
dog.909.jpg,1
dog.910.jpg,1
dog.911.jpg,1
dog.912.jpg,1
dog.913.jpg,1
dog.914.jpg,1
dog.915.jpg,1
dog.916.jpg,1
dog.917.jpg,1
dog.918.jpg,1
dog.919.jpg,1
dog.920.jpg,1
dog.921.jpg,1
dog.922.jpg,1
dog.923.jpg,1
dog.924.jpg,1
dog.925.jpg,1
dog.926.jpg,1
dog.927.jpg,1
dog.928.jpg,1
dog.929.jpg,1
dog.930.jpg,1
dog.931.jpg,1
dog.932.jpg,1
dog.933.jpg,1
dog.934.jpg,1
dog.935.jpg,1
dog.936.jpg,1
dog.937.jpg,1
dog.938.jpg,1
dog.939.jpg,1
dog.940.jpg,1
dog.941.jpg,1
dog.942.jpg,1
dog.943.jpg,1
dog.944.jpg,1
dog.945.jpg,1
dog.946.jpg,1
dog.947.jpg,1
dog.948.jpg,1
dog.949.jpg,1
dog.950.jpg,1
dog.951.jpg,1
dog.952.jpg,1
dog.953.jpg,1
dog.954.jpg,1
dog.955.jpg,1
dog.956.jpg,1
dog.957.jpg,1
dog.958.jpg,1
dog.959.jpg,1
dog.960.jpg,1
dog.961.jpg,1
dog.962.jpg,1
dog.963.jpg,1
dog.964.jpg,1
dog.965.jpg,1
dog.966.jpg,1
dog.967.jpg,1
dog.968.jpg,1
dog.969.jpg,1
dog.970.jpg,1
dog.971.jpg,1
dog.972.jpg,1
dog.973.jpg,1
dog.974.jpg,1
dog.975.jpg,1
dog.976.jpg,1
dog.977.jpg,1
dog.978.jpg,1
dog.979.jpg,1
dog.980.jpg,1
dog.981.jpg,1
dog.982.jpg,1
dog.983.jpg,1
dog.984.jpg,1
dog.985.jpg,1
dog.986.jpg,1
dog.987.jpg,1
dog.988.jpg,1
dog.989.jpg,1
dog.990.jpg,1
dog.991.jpg,1
dog.992.jpg,1
dog.993.jpg,1
dog.994.jpg,1
dog.995.jpg,1
dog.996.jpg,1
dog.997.jpg,1
dog.998.jpg,1
dog.999.jpg,1
dog.1000.jpg,1
pikachu.0101.jpg,2
pikachu.0102.jpg,2
pikachu.0103.jpg,2
pikachu.0104.jpg,2
pikachu.0105.jpg,2
pikachu.0106.jpg,2
pikachu.0107.jpg,2
pikachu.0108.jpg,2
pikachu.0109.jpg,2
pikachu.0110.jpg,2
pikachu.0111.jpg,2
pikachu.0112.jpg,2
pikachu.0113.jpg,2
pikachu.0114.jpg,2
pikachu.0115.jpg,2
pikachu.0116.jpg,2
pikachu.0117.jpg,2
pikachu.0118.jpg,2
pikachu.0119.jpg,2
pikachu.0120.jpg,2
pikachu.0121.jpg,2
pikachu.0122.jpg,2
pikachu.0123.jpg,2
pikachu.0124.jpg,2
pikachu.0125.jpg,2
pikachu.0126.jpg,2
pikachu.0127.jpg,2
pikachu.0128.jpg,2
pikachu.0129.jpg,2
pikachu.0130.jpg,2
pikachu.0131.jpg,2
pikachu.0132.jpg,2
pikachu.0133.jpg,2
pikachu.0134.jpg,2
pikachu.0135.jpg,2
pikachu.0136.jpg,2
pikachu.0137.jpg,2
pikachu.0138.jpg,2
pikachu.0139.jpg,2
pikachu.0140.jpg,2
pikachu.0141.jpg,2
pikachu.0142.jpg,2
pikachu.0143.jpg,2
pikachu.0144.jpg,2
pikachu.0145.jpg,2
pikachu.0146.jpg,2
pikachu.0147.jpg,2
pikachu.0148.jpg,2
pikachu.0149.jpg,2
pikachu.0150.jpg,2
pikachu.0151.jpg,2
pikachu.0152.jpg,2
pikachu.0153.jpg,2
pikachu.0154.jpg,2
pikachu.0155.jpg,2
pikachu.0156.jpg,2
pikachu.0157.jpg,2
pikachu.0158.jpg,2
pikachu.0159.jpg,2
pikachu.0160.jpg,2
pikachu.0161.jpg,2
pikachu.0162.jpg,2
pikachu.0163.jpg,2
pikachu.0164.jpg,2
pikachu.0165.jpg,2
pikachu.0166.jpg,2
pikachu.0167.jpg,2
pikachu.0168.jpg,2
pikachu.0169.jpg,2
pikachu.0170.jpg,2
pikachu.0171.jpg,2
pikachu.0172.jpg,2
pikachu.0173.jpg,2
pikachu.0174.jpg,2
pikachu.0175.jpg,2
pikachu.0176.jpg,2
pikachu.0177.jpg,2
pikachu.0178.jpg,2
pikachu.0179.jpg,2
pikachu.0180.jpg,2
pikachu.0181.jpg,2
pikachu.0182.jpg,2
pikachu.0183.jpg,2
pikachu.0184.jpg,2
pikachu.0185.jpg,2
pikachu.0186.jpg,2
pikachu.0187.jpg,2
pikachu.0188.jpg,2
pikachu.0189.jpg,2
pikachu.0190.jpg,2
pikachu.0191.jpg,2
pikachu.0192.jpg,2
pikachu.0193.jpg,2
pikachu.0194.jpg,2
pikachu.0195.jpg,2
pikachu.0196.jpg,2
pikachu.0197.jpg,2
pikachu.0198.jpg,2
pikachu.0199.jpg,2
pikachu.0200.jpg,2
pikachu.0201.jpg,2
pikachu.0202.jpg,2
pikachu.0203.jpg,2
pikachu.0204.jpg,2
pikachu.0205.jpg,2
pikachu.0206.jpg,2
pikachu.0207.jpg,2
pikachu.0208.jpg,2
pikachu.0209.jpg,2
pikachu.0210.jpg,2
pikachu.0211.jpg,2
pikachu.0212.jpg,2
pikachu.0213.jpg,2
pikachu.0214.jpg,2
pikachu.0215.jpg,2
pikachu.0216.jpg,2
pikachu.0217.jpg,2
pikachu.0218.jpg,2
pikachu.0219.jpg,2
pikachu.0220.jpg,2
pikachu.0221.jpg,2
pikachu.0222.jpg,2
pikachu.0223.jpg,2
pikachu.0224.jpg,2
pikachu.0225.jpg,2
pikachu.0226.jpg,2
pikachu.0227.jpg,2
pikachu.0228.jpg,2
pikachu.0229.jpg,2
pikachu.0230.jpg,2
pikachu.0231.jpg,2
pikachu.0232.jpg,2
pikachu.0233.jpg,2
pikachu.0234.jpg,2
pikachu.0235.jpg,2
pikachu.0236.jpg,2
pikachu.0237.jpg,2
pikachu.0238.jpg,2
pikachu.0239.jpg,2
pikachu.0240.jpg,2
pikachu.0241.jpg,2
pikachu.0242.jpg,2
pikachu.0243.jpg,2
pikachu.0244.jpg,2
pikachu.0245.jpg,2
pikachu.0246.jpg,2
pikachu.0247.jpg,2
pikachu.0248.jpg,2
pikachu.0249.jpg,2
pikachu.0250.jpg,2
pikachu.0251.jpg,2
pikachu.0252.jpg,2
pikachu.0253.jpg,2
pikachu.0254.jpg,2
pikachu.0255.jpg,2
pikachu.0256.jpg,2
pikachu.0257.jpg,2
pikachu.0258.jpg,2
pikachu.0259.jpg,2
pikachu.0260.jpg,2
pikachu.0261.jpg,2
pikachu.0262.jpg,2
pikachu.0263.jpg,2
pikachu.0264.jpg,2
pikachu.0265.jpg,2
pikachu.0266.jpg,2
pikachu.0267.jpg,2
pikachu.0268.jpg,2
pikachu.0269.jpg,2
pikachu.0270.jpg,2
pikachu.0271.jpg,2
pikachu.0272.jpg,2
pikachu.0273.jpg,2
pikachu.0274.jpg,2
pikachu.0275.jpg,2
pikachu.0276.jpg,2
pikachu.0277.jpg,2
pikachu.0278.jpg,2
pikachu.0279.jpg,2
pikachu.0280.jpg,2
pikachu.0281.jpg,2
pikachu.0282.jpg,2
pikachu.0283.jpg,2
pikachu.0284.jpg,2
pikachu.0285.jpg,2
pikachu.0286.jpg,2
pikachu.0287.jpg,2
pikachu.0288.jpg,2
pikachu.0289.jpg,2
pikachu.0290.jpg,2
pikachu.0291.jpg,2
pikachu.0292.jpg,2
pikachu.0293.jpg,2
pikachu.0294.jpg,2
pikachu.0295.jpg,2
pikachu.0296.jpg,2
pikachu.0297.jpg,2
pikachu.0298.jpg,2
pikachu.0299.jpg,2
pikachu.0300.jpg,2
pikachu.0301.jpg,2
pikachu.0302.jpg,2
pikachu.0303.jpg,2
pikachu.0304.jpg,2
pikachu.0305.jpg,2
pikachu.0306.jpg,2
pikachu.0307.jpg,2
pikachu.0308.jpg,2
pikachu.0309.jpg,2
pikachu.0310.jpg,2
pikachu.0311.jpg,2
pikachu.0312.jpg,2
pikachu.0313.jpg,2
pikachu.0314.jpg,2
pikachu.0315.jpg,2
pikachu.0316.jpg,2
pikachu.0317.jpg,2
pikachu.0318.jpg,2
pikachu.0319.jpg,2
pikachu.0320.jpg,2
pikachu.0321.jpg,2
pikachu.0322.jpg,2
pikachu.0323.jpg,2
pikachu.0324.jpg,2
pikachu.0325.jpg,2
pikachu.0326.jpg,2
pikachu.0327.jpg,2
pikachu.0328.jpg,2
pikachu.0329.jpg,2
pikachu.0330.jpg,2
pikachu.0331.jpg,2
pikachu.0332.jpg,2
pikachu.0333.jpg,2
pikachu.0334.jpg,2
pikachu.0335.jpg,2
pikachu.0336.jpg,2
pikachu.0337.jpg,2
pikachu.0338.jpg,2
pikachu.0339.jpg,2
pikachu.0340.jpg,2
pikachu.0341.jpg,2
pikachu.0342.jpg,2
pikachu.0343.jpg,2
pikachu.0344.jpg,2
pikachu.0345.jpg,2
pikachu.0346.jpg,2
pikachu.0347.jpg,2
pikachu.0348.jpg,2
pikachu.0349.jpg,2
pikachu.0350.jpg,2
pikachu.0351.jpg,2
pikachu.0352.jpg,2
pikachu.0353.jpg,2
pikachu.0354.jpg,2
pikachu.0355.jpg,2
pikachu.0356.jpg,2
pikachu.0357.jpg,2
pikachu.0358.jpg,2
pikachu.0359.jpg,2
pikachu.0360.jpg,2
pikachu.0361.jpg,2
pikachu.0362.jpg,2
pikachu.0363.jpg,2
pikachu.0364.jpg,2
pikachu.0365.jpg,2
pikachu.0366.jpg,2
pikachu.0367.jpg,2
pikachu.0368.jpg,2
pikachu.0369.jpg,2
pikachu.0370.jpg,2
pikachu.0371.jpg,2
pikachu.0372.jpg,2
pikachu.0373.jpg,2
pikachu.0374.jpg,2
pikachu.0375.jpg,2
pikachu.0376.jpg,2
pikachu.0377.jpg,2
pikachu.0378.jpg,2
pikachu.0379.jpg,2
pikachu.0380.jpg,2
pikachu.0381.jpg,2
pikachu.0382.jpg,2
pikachu.0383.jpg,2
pikachu.0384.jpg,2
pikachu.0385.jpg,2
pikachu.0386.jpg,2
pikachu.0387.jpg,2
pikachu.0388.jpg,2
pikachu.0389.jpg,2
pikachu.0390.jpg,2
pikachu.0391.jpg,2
pikachu.0392.jpg,2
pikachu.0393.jpg,2
pikachu.0394.jpg,2
pikachu.0395.jpg,2
pikachu.0396.jpg,2
pikachu.0397.jpg,2
pikachu.0398.jpg,2
pikachu.0399.jpg,2
pikachu.0400.jpg,2
pikachu.0401.jpg,2
pikachu.0402.jpg,2
pikachu.0403.jpg,2
pikachu.0404.jpg,2
pikachu.0405.jpg,2
pikachu.0406.jpg,2
pikachu.0407.jpg,2
pikachu.0408.jpg,2
pikachu.0409.jpg,2
pikachu.0410.jpg,2
pikachu.0411.jpg,2
pikachu.0412.jpg,2
pikachu.0413.jpg,2
pikachu.0414.jpg,2
pikachu.0415.jpg,2
pikachu.0416.jpg,2
pikachu.0417.jpg,2
pikachu.0418.jpg,2
pikachu.0419.jpg,2
pikachu.0420.jpg,2
pikachu.0421.jpg,2
pikachu.0422.jpg,2
pikachu.0423.jpg,2
pikachu.0424.jpg,2
pikachu.0425.jpg,2
pikachu.0426.jpg,2
pikachu.0427.jpg,2
pikachu.0428.jpg,2
pikachu.0429.jpg,2
pikachu.0430.jpg,2
pikachu.0431.jpg,2
pikachu.0432.jpg,2
pikachu.0433.jpg,2
pikachu.0434.jpg,2
pikachu.0435.jpg,2
pikachu.0436.jpg,2
pikachu.0437.jpg,2
pikachu.0438.jpg,2
pikachu.0439.jpg,2
pikachu.0440.jpg,2
pikachu.0441.jpg,2
pikachu.0442.jpg,2
pikachu.0443.jpg,2
pikachu.0444.jpg,2
pikachu.0445.jpg,2
pikachu.0446.jpg,2
pikachu.0447.jpg,2
pikachu.0448.jpg,2
pikachu.0449.jpg,2
pikachu.0450.jpg,2
pikachu.0451.jpg,2
pikachu.0452.jpg,2
pikachu.0453.jpg,2
pikachu.0454.jpg,2
pikachu.0455.jpg,2
pikachu.0456.jpg,2
pikachu.0457.jpg,2
pikachu.0458.jpg,2
pikachu.0459.jpg,2
pikachu.0460.jpg,2
pikachu.0461.jpg,2
pikachu.0462.jpg,2
pikachu.0463.jpg,2
pikachu.0464.jpg,2
pikachu.0465.jpg,2
pikachu.0466.jpg,2
pikachu.0467.jpg,2
pikachu.0468.jpg,2
pikachu.0469.jpg,2
pikachu.0470.jpg,2
pikachu.0471.jpg,2
pikachu.0472.jpg,2
pikachu.0473.jpg,2
pikachu.0474.jpg,2
pikachu.0475.jpg,2
pikachu.0476.jpg,2
pikachu.0477.jpg,2
pikachu.0478.jpg,2
pikachu.0479.jpg,2
pikachu.0480.jpg,2
pikachu.0481.jpg,2
pikachu.0482.jpg,2
pikachu.0483.jpg,2
pikachu.0484.jpg,2
pikachu.0485.jpg,2
pikachu.0486.jpg,2
pikachu.0487.jpg,2
pikachu.0488.jpg,2
pikachu.0489.jpg,2
pikachu.0490.jpg,2
pikachu.0491.jpg,2
pikachu.0492.jpg,2
pikachu.0493.jpg,2
pikachu.0494.jpg,2
pikachu.0495.jpg,2
pikachu.0496.jpg,2
pikachu.0497.jpg,2
pikachu.0498.jpg,2
pikachu.0499.jpg,2
pikachu.0500.jpg,2
pikachu.0501.jpg,2
pikachu.0502.jpg,2
pikachu.0503.jpg,2
pikachu.0504.jpg,2
pikachu.0505.jpg,2
pikachu.0506.jpg,2
pikachu.0507.jpg,2
pikachu.0508.jpg,2
pikachu.0509.jpg,2
pikachu.0510.jpg,2
pikachu.0511.jpg,2
pikachu.0512.jpg,2
pikachu.0513.jpg,2
pikachu.0514.jpg,2
pikachu.0515.jpg,2
pikachu.0516.jpg,2
pikachu.0517.jpg,2
pikachu.0518.jpg,2
pikachu.0519.jpg,2
pikachu.0520.jpg,2
pikachu.0521.jpg,2
pikachu.0522.jpg,2
pikachu.0523.jpg,2
pikachu.0524.jpg,2
pikachu.0525.jpg,2
pikachu.0526.jpg,2
pikachu.0527.jpg,2
pikachu.0528.jpg,2
pikachu.0529.jpg,2
pikachu.0530.jpg,2
pikachu.0531.jpg,2
pikachu.0532.jpg,2
pikachu.0533.jpg,2
pikachu.0534.jpg,2
pikachu.0535.jpg,2
pikachu.0536.jpg,2
pikachu.0537.jpg,2
pikachu.0538.jpg,2
pikachu.0539.jpg,2
pikachu.0540.jpg,2
pikachu.0541.jpg,2
pikachu.0542.jpg,2
pikachu.0543.jpg,2
pikachu.0544.jpg,2
pikachu.0545.jpg,2
pikachu.0546.jpg,2
pikachu.0547.jpg,2
pikachu.0548.jpg,2
pikachu.0549.jpg,2
pikachu.0550.jpg,2
pikachu.0551.jpg,2
pikachu.0552.jpg,2
pikachu.0553.jpg,2
pikachu.0554.jpg,2
pikachu.0555.jpg,2
pikachu.0556.jpg,2
pikachu.0557.jpg,2
pikachu.0558.jpg,2
pikachu.0559.jpg,2
pikachu.0560.jpg,2
pikachu.0561.jpg,2
pikachu.0562.jpg,2
pikachu.0563.jpg,2
pikachu.0564.jpg,2
pikachu.0565.jpg,2
pikachu.0566.jpg,2
pikachu.0567.jpg,2
pikachu.0568.jpg,2
pikachu.0569.jpg,2
pikachu.0570.jpg,2
pikachu.0571.jpg,2
pikachu.0572.jpg,2
pikachu.0573.jpg,2
pikachu.0574.jpg,2
pikachu.0575.jpg,2
pikachu.0576.jpg,2
pikachu.0577.jpg,2
pikachu.0578.jpg,2
pikachu.0579.jpg,2
pikachu.0580.jpg,2
pikachu.0581.jpg,2
pikachu.0582.jpg,2
pikachu.0583.jpg,2
pikachu.0584.jpg,2
pikachu.0585.jpg,2
pikachu.0586.jpg,2
pikachu.0587.jpg,2
pikachu.0588.jpg,2
pikachu.0589.jpg,2
pikachu.0590.jpg,2
pikachu.0591.jpg,2
pikachu.0592.jpg,2
pikachu.0593.jpg,2
pikachu.0594.jpg,2
pikachu.0595.jpg,2
pikachu.0596.jpg,2
pikachu.0597.jpg,2
pikachu.0598.jpg,2
pikachu.0599.jpg,2
pikachu.0600.jpg,2
pikachu.0601.jpg,2
pikachu.0602.jpg,2
pikachu.0603.jpg,2
pikachu.0604.jpg,2
pikachu.0605.jpg,2
pikachu.0606.jpg,2
pikachu.0607.jpg,2
pikachu.0608.jpg,2
pikachu.0609.jpg,2
pikachu.0610.jpg,2
pikachu.0611.jpg,2
pikachu.0612.jpg,2
pikachu.0613.jpg,2
pikachu.0614.jpg,2
pikachu.0615.jpg,2
pikachu.0616.jpg,2
pikachu.0617.jpg,2
pikachu.0618.jpg,2
pikachu.0619.jpg,2
pikachu.0620.jpg,2
pikachu.0621.jpg,2
pikachu.0622.jpg,2
pikachu.0623.jpg,2
pikachu.0624.jpg,2
pikachu.0625.jpg,2
pikachu.0626.jpg,2
pikachu.0627.jpg,2
pikachu.0628.jpg,2
pikachu.0629.jpg,2
pikachu.0630.jpg,2
pikachu.0631.jpg,2
pikachu.0632.jpg,2
pikachu.0633.jpg,2
pikachu.0634.jpg,2
pikachu.0635.jpg,2
pikachu.0636.jpg,2
pikachu.0637.jpg,2
pikachu.0638.jpg,2
pikachu.0639.jpg,2
pikachu.0640.jpg,2
pikachu.0641.jpg,2
pikachu.0642.jpg,2
pikachu.0643.jpg,2
pikachu.0644.jpg,2
pikachu.0645.jpg,2
pikachu.0646.jpg,2
pikachu.0647.jpg,2
pikachu.0648.jpg,2
pikachu.0649.jpg,2
pikachu.0650.jpg,2
pikachu.0651.jpg,2
pikachu.0652.jpg,2
pikachu.0653.jpg,2
pikachu.0654.jpg,2
pikachu.0655.jpg,2
pikachu.0656.jpg,2
pikachu.0657.jpg,2
pikachu.0658.jpg,2
pikachu.0659.jpg,2
pikachu.0660.jpg,2
pikachu.0661.jpg,2
pikachu.0662.jpg,2
pikachu.0663.jpg,2
pikachu.0664.jpg,2
pikachu.0665.jpg,2
pikachu.0666.jpg,2
pikachu.0667.jpg,2
pikachu.0668.jpg,2
pikachu.0669.jpg,2
pikachu.0670.jpg,2
pikachu.0671.jpg,2
pikachu.0672.jpg,2
pikachu.0673.jpg,2
pikachu.0674.jpg,2
pikachu.0675.jpg,2
pikachu.0676.jpg,2
pikachu.0677.jpg,2
pikachu.0678.jpg,2
pikachu.0679.jpg,2
pikachu.0680.jpg,2
pikachu.0681.jpg,2
pikachu.0682.jpg,2
pikachu.0683.jpg,2
pikachu.0684.jpg,2
pikachu.0685.jpg,2
pikachu.0686.jpg,2
pikachu.0687.jpg,2
pikachu.0688.jpg,2
pikachu.0689.jpg,2
pikachu.0690.jpg,2
pikachu.0691.jpg,2
pikachu.0692.jpg,2
pikachu.0693.jpg,2
pikachu.0694.jpg,2
pikachu.0695.jpg,2
pikachu.0696.jpg,2
pikachu.0697.jpg,2
pikachu.0698.jpg,2
pikachu.0699.jpg,2
pikachu.0700.jpg,2
pikachu.0701.jpg,2
pikachu.0702.jpg,2
pikachu.0703.jpg,2
pikachu.0704.jpg,2
pikachu.0705.jpg,2
pikachu.0706.jpg,2
pikachu.0707.jpg,2
pikachu.0708.jpg,2
pikachu.0709.jpg,2
pikachu.0710.jpg,2
pikachu.0711.jpg,2
pikachu.0712.jpg,2
pikachu.0713.jpg,2
pikachu.0714.jpg,2
pikachu.0715.jpg,2
pikachu.0716.jpg,2
pikachu.0717.jpg,2
pikachu.0718.jpg,2
pikachu.0719.jpg,2
pikachu.0720.jpg,2
pikachu.0721.jpg,2
pikachu.0722.jpg,2
pikachu.0723.jpg,2
pikachu.0724.jpg,2
pikachu.0725.jpg,2
pikachu.0726.jpg,2
pikachu.0727.jpg,2
pikachu.0728.jpg,2
pikachu.0729.jpg,2
pikachu.0730.jpg,2
pikachu.0731.jpg,2
pikachu.0732.jpg,2
pikachu.0733.jpg,2
pikachu.0734.jpg,2
pikachu.0735.jpg,2
pikachu.0736.jpg,2
pikachu.0737.jpg,2
pikachu.0738.jpg,2
pikachu.0739.jpg,2
pikachu.0740.jpg,2
pikachu.0741.jpg,2
pikachu.0742.jpg,2
pikachu.0743.jpg,2
pikachu.0744.jpg,2
pikachu.0745.jpg,2
pikachu.0746.jpg,2
pikachu.0747.jpg,2
pikachu.0748.jpg,2
pikachu.0749.jpg,2
pikachu.0750.jpg,2
pikachu.0751.jpg,2
pikachu.0752.jpg,2
pikachu.0753.jpg,2
pikachu.0754.jpg,2
pikachu.0755.jpg,2
pikachu.0756.jpg,2
pikachu.0757.jpg,2
drone.0101.jpg,3
drone.0102.jpg,3
drone.0103.jpg,3
drone.0104.jpg,3
drone.0105.jpg,3
drone.0106.jpg,3
drone.0107.jpg,3
drone.0108.jpg,3
drone.0109.jpg,3
drone.0110.jpg,3
drone.0111.jpg,3
drone.0112.jpg,3
drone.0113.jpg,3
drone.0114.jpg,3
drone.0115.jpg,3
drone.0116.jpg,3
drone.0117.jpg,3
drone.0118.jpg,3
drone.0119.jpg,3
drone.0120.jpg,3
drone.0121.jpg,3
drone.0122.jpg,3
drone.0123.jpg,3
drone.0124.jpg,3
drone.0125.jpg,3
drone.0126.jpg,3
drone.0127.jpg,3
drone.0128.jpg,3
drone.0129.jpg,3
drone.0130.jpg,3
drone.0131.jpg,3
drone.0132.jpg,3
drone.0133.jpg,3
drone.0134.jpg,3
drone.0135.jpg,3
drone.0136.jpg,3
drone.0137.jpg,3
drone.0138.jpg,3
drone.0139.jpg,3
drone.0140.jpg,3
drone.0141.jpg,3
drone.0142.jpg,3
drone.0143.jpg,3
drone.0144.jpg,3
drone.0145.jpg,3
drone.0146.jpg,3
drone.0147.jpg,3
drone.0148.jpg,3
drone.0149.jpg,3
drone.0150.jpg,3
drone.0151.jpg,3
drone.0152.jpg,3
drone.0153.jpg,3
drone.0154.jpg,3
drone.0155.jpg,3
drone.0156.jpg,3
drone.0157.jpg,3
drone.0158.jpg,3
drone.0159.jpg,3
drone.0160.jpg,3
drone.0161.jpg,3
drone.0162.jpg,3
drone.0163.jpg,3
drone.0164.jpg,3
drone.0165.jpg,3
drone.0166.jpg,3
drone.0167.jpg,3
drone.0168.jpg,3
drone.0169.jpg,3
drone.0170.jpg,3
drone.0171.jpg,3
drone.0172.jpg,3
drone.0173.jpg,3
drone.0174.jpg,3
drone.0175.jpg,3
drone.0176.jpg,3
drone.0177.jpg,3
drone.0178.jpg,3
drone.0179.jpg,3
drone.0180.jpg,3
drone.0181.jpg,3
drone.0182.jpg,3
drone.0183.jpg,3
drone.0184.jpg,3
drone.0185.jpg,3
drone.0186.jpg,3
drone.0187.jpg,3
drone.0188.jpg,3
drone.0189.jpg,3
drone.0190.jpg,3
drone.0191.jpg,3
drone.0192.jpg,3
drone.0193.jpg,3
drone.0194.jpg,3
drone.0195.jpg,3
drone.0196.jpg,3
drone.0197.jpg,3
drone.0198.jpg,3
drone.0199.jpg,3
drone.0200.jpg,3
drone.0201.jpg,3
drone.0202.jpg,3
drone.0203.jpg,3
drone.0204.jpg,3
drone.0205.jpg,3
drone.0206.jpg,3
drone.0207.jpg,3
drone.0208.jpg,3
drone.0209.jpg,3
drone.0210.jpg,3
drone.0211.jpg,3
drone.0212.jpg,3
drone.0213.jpg,3
drone.0214.jpg,3
drone.0215.jpg,3
drone.0216.jpg,3
drone.0217.jpg,3
drone.0218.jpg,3
drone.0219.jpg,3
drone.0220.jpg,3
drone.0221.jpg,3
drone.0222.jpg,3
drone.0223.jpg,3
drone.0224.jpg,3
drone.0225.jpg,3
drone.0226.jpg,3
drone.0227.jpg,3
drone.0228.jpg,3
drone.0229.jpg,3
drone.0230.jpg,3
drone.0231.jpg,3
drone.0232.jpg,3
drone.0233.jpg,3
drone.0234.jpg,3
drone.0235.jpg,3
drone.0236.jpg,3
drone.0237.jpg,3
drone.0238.jpg,3
drone.0239.jpg,3
drone.0240.jpg,3
drone.0241.jpg,3
drone.0242.jpg,3
drone.0243.jpg,3
drone.0244.jpg,3
drone.0245.jpg,3
drone.0246.jpg,3
drone.0247.jpg,3
drone.0248.jpg,3
drone.0249.jpg,3
drone.0250.jpg,3
drone.0251.jpg,3
drone.0252.jpg,3
drone.0253.jpg,3
drone.0254.jpg,3
drone.0255.jpg,3
drone.0256.jpg,3
drone.0257.jpg,3
drone.0258.jpg,3
drone.0259.jpg,3
drone.0260.jpg,3
drone.0261.jpg,3
drone.0262.jpg,3
drone.0263.jpg,3
drone.0264.jpg,3
drone.0265.jpg,3
drone.0266.jpg,3
drone.0267.jpg,3
drone.0268.jpg,3
drone.0269.jpg,3
drone.0270.jpg,3
drone.0271.jpg,3
drone.0272.jpg,3
drone.0273.jpg,3
drone.0274.jpg,3
drone.0275.jpg,3
drone.0276.jpg,3
drone.0277.jpg,3
drone.0278.jpg,3
drone.0279.jpg,3
drone.0280.jpg,3
drone.0281.jpg,3
drone.0282.jpg,3
drone.0283.jpg,3
drone.0284.jpg,3
drone.0285.jpg,3
drone.0286.jpg,3
drone.0287.jpg,3
drone.0288.jpg,3
drone.0289.jpg,3
drone.0290.jpg,3
drone.0291.jpg,3
drone.0292.jpg,3
drone.0293.jpg,3
drone.0294.jpg,3
drone.0295.jpg,3
drone.0296.jpg,3
drone.0297.jpg,3
drone.0298.jpg,3
drone.0299.jpg,3
drone.0300.jpg,3
